CompanyCode,StockShortName,Shariah,Sector,CompanyFullName,Date
03041,1TECH,No,Software ,ONETECH SOLUTIONS HOLDINGS BERHAD,20210704
0012,3A,Yes,Food & Beverages ,THREE-A RESOURCES BERHAD,20210704
7054,AASIA,Yes,Plantation ,ASTRAL ASIA BERHAD,20210704
5238,AAX,Yes,"Travel, Leisure & Hospitality ",AIRASIA X BERHAD,20210704
0800EA,ABFMY1,No,Bond Fund ,ABF MALAYSIA BOND INDEX FUND,20210704
7086,ABLEGRP,Yes,Building Materials ,ABLEGROUP BERHAD,20210704
2488,ABMB,No,Banking ,ALLIANCE BANK MALAYSIA BERHAD,20210704
03028,ACEINNO,No,Metals ,ACE INNOVATE ASIA BERHAD,20210704
7131,ACME,Yes,Property ,ACME HOLDINGS BERHAD,20210704
0218,ACO,Yes,Industrial Services ,ACO GROUP BERHAD,20210704
7120,ACOSTEC,Yes,Property ,ACOUSTECH BERHAD,20210704
5281,ADVCON,Yes,Construction ,ADVANCECON HOLDINGS BERHAD,20210704
7191,ADVENTA,Yes,Health Care Equipment & Services ,ADVENTA BERHAD,20210704
9148,ADVPKG,Yes,Packaging Materials ,ADVANCED PACKAGING TECHNOLOGY (M) BHD,20210704
7146,AEM,Yes,"Industrial Materials, Components & Equipment ",AE MULTI HOLDINGS BERHAD,20210704
0181,AEMULUS,Yes,Technology Equipment ,AEMULUS HOLDINGS BERHAD,20210704
6599,AEON,Yes,Retailers ,AEON CO. (M) BHD,20210704
5139,AEONCR,No,Other Financials ,AEON CREDIT SERVICE (M) BERHAD,20210704
5185,AFFIN,No,Banking ,AFFIN BANK BERHAD,20210704
5198,AFUJIYA,Yes,Auto Parts ,ABM FUJIYA BERHAD,20210704
7145,AGES,Yes,Construction ,AGESON BERHAD,20210704
7315,AHB,Yes,Consumer Services ,AHB HOLDINGS BERHAD,20210704
7090,AHEALTH,Yes,Pharmaceuticals ,APEX HEALTHCARE BERHAD,20210704
0122,AIM,No,Industrial Services ,ADVANCE INFORMATION MARKETING BERHAD,20210704
0209,AIMFLEX,Yes,Technology Equipment ,AIMFLEX BERHAD,20210704
5099,AIRASIA,Yes,"Travel, Leisure & Hospitality ",AIRASIA GROUP BERHAD,20210704
5014,AIRPORT,No,Transportation & Logistics Services ,MALAYSIA AIRPORTS HOLDINGS BERHAD,20210704
2658,AJI,Yes,Food & Beverages ,AJINOMOTO (MALAYSIA) BERHAD,20210704
7609,AJIYA,Yes,Building Materials ,AJIYA BERHAD,20210704
5115,ALAM,Yes,"Energy Infrastructure, Equipment & Services ",ALAM MARITIM RESOURCES BERHAD,20210704
5116,ALAQAR,Yes,Real Estate Investment Trusts ,AL-`AQAR HEALTHCARE REIT,20210704
2674,ALCOM,No,Metals ,ALCOM GROUP BERHAD,20210704
1163,ALLIANZ,No,Insurance ,ALLIANZ MALAYSIA BERHAD,20210704
5269,ALSREIT,Yes,Real Estate Investment Trusts ,AL-SALAM REAL ESTATE INVESTMENT TRUST,20210704
1015,AMBANK,No,Banking ,AMMB HOLDINGS BERHAD,20210704
5293,AME,Yes,Construction ,AME ELITE CONSORTIUM BERHAD,20210704
0159,AMEDIA,Yes,Media ,ASIA MEDIA GROUP BERHAD,20210704
5120,AMFIRST,No,Real Estate Investment Trusts ,AMFIRST REAL ESTATE INVESTMENT TRUST,20210704
03011,AMLEX,Yes,Semiconductors ,AMLEX HOLDINGS BERHAD,20210704
1007,AMPROP,Yes,Property ,AMCORP PROPERTIES BERHAD,20210704
7031,AMTEL,Yes,Telecommunications Equipment ,AMTEL HOLDINGS BERHAD,20210704
6351,AMWAY,Yes,Retailers ,AMWAY (MALAYSIA) HOLDINGS BERHAD,20210704
7083,ANALABS,No,Industrial Services ,ANALABS RESOURCES BERHAD,20210704
4758,ANCOM,Yes,Chemicals ,ANCOM BERHAD,20210704
0048,ANCOMLB,Yes,Transportation & Logistics Services ,ANCOM LOGISTICS BERHAD,20210704
0226,ANEKA,Yes,Construction ,ANEKA JARINGAN HOLDINGS BERHAD,20210704
6556,ANNJOO,Yes,Metals ,ANN JOO RESOURCES BERHAD,20210704
5082,ANNUM,Yes,Wood & Wood Products ,ANNUM BERHAD,20210704
9342,ANZO,Yes,Wood & Wood Products ,ANZO HOLDINGS BERHAD,20210704
5568,APB,Yes,Industrial Engineering ,APB RESOURCES BERHAD,20210704
5088,APEX,No,Other Financials ,APEX EQUITY HOLDINGS BERHAD,20210704
5015,APM,Yes,Auto Parts ,APM AUTOMOTIVE HOLDINGS BERHAD,20210704
6432,APOLLO,Yes,Food & Beverages ,APOLLO FOOD HOLDINGS BERHAD,20210704
0119,APPASIA,Yes,Software ,APPASIA BERHAD,20210704
7214,ARANK,Yes,Metals ,A-RANK BERHAD,20210704
7181,ARBB,Yes,Software ,ARB BERHAD,20210704
7007,ARK,Yes,Property ,ARK RESOURCES HOLDINGS BERHAD,20210704
5210,ARMADA,No,"Energy Infrastructure, Equipment & Services ",BUMI ARMADA BERHAD,20210704
5127,ARREIT,No,Real Estate Investment Trusts ,AMANAHRAYA REAL ESTATE INVESTMENT TRUST,20210704
0038,ARTRONIQ,Yes,Chemicals ,ARTRONIQ BERHAD,20210704
1481,ASB,Yes,"Travel, Leisure & Hospitality ",ADVANCE SYNERGY BERHAD,20210704
0068,ASDION,Yes,Software ,ASDION BERHAD,20210704
7722,ASIABRN,Yes,Personal Goods ,ASIA BRANDS BERHAD,20210704
7129,ASIAFLE,Yes,Consumer Services ,ASIA FILE CORPORATION BHD,20210704
4057,ASIAPAC,Yes,Property ,ASIAN PAC HOLDINGS BERHAD,20210704
0105,ASIAPLY,Yes,Chemicals ,ASIA POLY HOLDINGS BERHAD,20210704
7162,ASTINO,Yes,Building Materials ,ASTINO BERHAD,20210704
03032,ASTRA,No,Food & Beverages ,ASTRAMINA GROUP BERHAD,20210704
6399,ASTRO,No,Media ,ASTRO MALAYSIA HOLDINGS BERHAD,20210704
0072,AT,Yes,"Industrial Materials, Components & Equipment ",AT SYSTEMATIZATION BERHAD,20210704
8176,ATAIMS,Yes,"Industrial Materials, Components & Equipment ",ATA IMS BERHAD,20210704
7048,ATLAN,No,Retailers ,ATLAN HOLDINGS BHD.,20210704
5130,ATRIUM,No,Real Estate Investment Trusts ,ATRIUM REAL ESTATE INVESTMENT TRUST,20210704
7099,ATTA,Yes,Metals ,ATTA GLOBAL GROUP BERHAD,20210704
03037,AURORA,Yes,Personal Goods ,AURORA ITALIA INTERNATIONAL BERHAD,20210704
8885,AVI,Yes,"Travel, Leisure & Hospitality ",AVILLION BERHAD,20210704
5204,AWANTEC,Yes,Digital Services ,AWANBIRU TECHNOLOGY BERHAD,20210704
7579,AWC,Yes,Industrial Services ,AWC BERHAD,20210704
6888,AXIATA,Yes,Telecommunications Service Providers ,AXIATA GROUP BERHAD,20210704
5106,AXREIT,Yes,Real Estate Investment Trusts ,AXIS REAL ESTATE INVESTMENT TRUST,20210704
2305,AYER,Yes,Property ,AYER HOLDINGS BERHAD,20210704
5021,AYS,Yes,Building Materials ,AYS VENTURES BERHAD,20210704
7078,AZRB,Yes,Construction ,AHMAD ZAKI RESOURCES BERHAD,20210704
03012,BABA,Yes,Household Goods ,BABA ECO GROUP BERHAD,20210704
0098,BAHVEST,Yes,Agricultural Products ,BAHVEST RESOURCES BERHAD,20210704
7251,BARAKAH,Yes,"Energy Infrastructure, Equipment & Services ",BARAKAH OFFSHORE PETROLEUM BERHAD,20210704
4162,BAT,No,Personal Goods ,BRITISH AMERICAN TOBACCO (MALAYSIA) BERHAD,20210704
5248,BAUTO,Yes,Automotive ,BERMAZ AUTO BERHAD,20210704
6602,BCB,Yes,Property ,BCB BERHAD,20210704
0187,BCMALL,Yes,Industrial Services ,BCM ALLIANCE BERHAD,20210704
6173,BDB,Yes,Property ,BINA DARULAMAN BERHAD,20210704
5190,BENALEC,No,Construction ,BENALEC HOLDINGS BERHAD,20210704
9814,BERTAM,Yes,Property ,BERTAM ALLIANCE BERHAD,20210704
8133,BHIC,Yes,Transportation Equipment ,BOUSTEAD HEAVY INDUSTRIES CORPORATION BHD,20210704
7005,BIG,Yes,Diversified Industrials ,B.I.G. INDUSTRIES BERHAD,20210704
5258,BIMB,Yes,Banking ,BIMB HOLDINGS BERHAD,20210704
0195,BINACOM,Yes,Telecommunications Service Providers ,BINASAT COMMUNICATIONS BERHAD,20210704
6998,BINTAI,Yes,Industrial Engineering ,BINTAI KINDEN CORPORATION BERHAD,20210704
0179,BIOHLDG,Yes,Food & Beverages ,BIOALPHA HOLDINGS BERHAD,20210704
5032,BIPORT,Yes,Transportation & Logistics Services ,BINTULU PORT HOLDINGS BERHAD,20210704
3239,BJASSET,No,Property ,BERJAYA ASSETS BERHAD,20210704
3395,BJCORP,No,Diversified Industrials ,BERJAYA CORPORATION BERHAD,20210704
5196,BJFOOD,Yes,"Travel, Leisure & Hospitality ",BERJAYA FOOD BERHAD,20210704
4219,BJLAND,No,"Travel, Leisure & Hospitality ",BERJAYA LAND BERHAD,20210704
1562,BJTOTO,No,"Travel, Leisure & Hospitality ",BERJAYA SPORTS TOTO BERHAD,20210704
1899,BKAWAN,Yes,Plantation ,BATU KAWAN BERHAD,20210704
5069,BLDPLNT,Yes,Plantation ,BLD PLANTATION BHD.,20210704
0168,BOILERM,Yes,"Industrial Materials, Components & Equipment ",BOILERMECH HOLDINGS BERHAD,20210704
9288,BONIA,Yes,Personal Goods ,BONIA CORPORATION BERHAD,20210704
7036,BORNOIL,Yes,Industrial Services ,BORNEO OIL BERHAD,20210704
6297,BOXPAK,No,Packaging Materials ,BOX-PAK (MALAYSIA) BERHAD,20210704
5254,BPLANT,Yes,Plantation ,BOUSTEAD PLANTATIONS BERHAD,20210704
5100,BPPLAS,Yes,Packaging Materials ,BP PLASTICS HOLDING BHD,20210704
5932,BPURI,Yes,Construction ,BINA PURI HOLDINGS BHD,20210704
9474,BRAHIMS,Yes,Food & Beverages ,BRAHIM'S HOLDINGS BERHAD,20210704
8761,BREM,Yes,Construction ,BREM HOLDING BERHAD,20210704
9938,BRIGHT,No,Packaging Materials ,BRIGHT PACKAGING INDUSTRY BERHAD,20210704
7221,BSLCORP,Yes,Metals ,BSL CORPORATION BERHAD,20210704
2771,BSTEAD,Yes,Diversified Industrials ,BOUSTEAD HOLDINGS BERHAD,20210704
0011,BTECH,Yes,"Gas, Water & Multi-utilities ",BRITE-TECH BERHAD,20210704
7188,BTM,Yes,Wood & Wood Products ,BTM RESOURCES BERHAD,20210704
1818,BURSA,Yes,Other Financials ,BURSA MALAYSIA BERHAD,20210704
03042,BVLH,Yes,Construction ,BV LAND HOLDINGS BERHAD,20210704
7174,CAB,Yes,Agricultural Products ,CAB CAKARAN CORPORATION BERHAD,20210704
0191,CABNET,Yes,Technology Equipment ,CABNET HOLDINGS BERHAD,20210704
7154,CAELY,Yes,Personal Goods ,CAELY HOLDINGS BHD,20210704
7128,CAMRES,Yes,Household Goods ,CAM RESOURCES BERHAD,20210704
5105,CANONE,No,Packaging Materials ,CAN-ONE BERHAD,20210704
5229,CAP,No,Auto Parts ,CHINA AUTOMOBILE PARTS HOLDINGS LIMITED,20210704
0163,CAREPLS,Yes,Health Care Equipment & Services ,CAREPLUS GROUP BERHAD,20210704
5257,CARIMIN,Yes,"Energy Infrastructure, Equipment & Services ",CARIMIN PETROLEUM BERHAD,20210704
2836,CARLSBG,No,Food & Beverages ,CARLSBERG BREWERY MALAYSIA BERHAD,20210704
7076,CBIP,Yes,"Industrial Materials, Components & Equipment ",CB INDUSTRIAL PRODUCT HOLDING BERHAD,20210704
2925,CCB,Yes,Automotive ,CYCLE & CARRIAGE BINTANG BERHAD,20210704
7035,CCK,Yes,Food & Beverages ,CCK CONSOLIDATED HOLDINGS BERHAD,20210704
5195,CENSOF,Yes,Software ,CENSOF HOLDINGS BERHAD,20210704
8982,CEPAT,Yes,Plantation ,CEPATWAWASAN GROUP BERHAD,20210704
8435,CEPCO,Yes,Building Materials ,CONCRETE ENGINEERING PRODUCTS BERHAD,20210704
03024,CETECH,Yes,Industrial Services ,CE TECHNOLOGY BERHAD,20210704
8044,CFM,Yes,Industrial Services ,COMPUTER FORMS (MALAYSIA) BERHAD,20210704
8052,CGB,Yes,Packaging Materials ,CENTRAL GLOBAL BERHAD,20210704
7209,CHEETAH,Yes,Personal Goods ,CHEETAH HOLDINGS BERHAD,20210704
7187,CHGP,Yes,Transportation Equipment ,CHIN HIN GROUP PROPERTY BERHAD,20210704
5738,CHHB,Yes,Property ,COUNTRY HEIGHTS HOLDINGS BHD,20210704
5273,CHINHIN,Yes,Building Materials ,CHIN HIN GROUP BERHAD,20210704
1929,CHINTEK,No,Plantation ,CHIN TECK PLANTATIONS BERHAD,20210704
5007,CHINWEL,Yes,"Industrial Materials, Components & Equipment ",CHIN WELL HOLDINGS BERHAD,20210704
5797,CHOOBEE,Yes,Metals ,CHOO BEE METAL INDUSTRIES BHD,20210704
7016,CHUAN,Yes,Building Materials ,CHUAN HUAT RESOURCES BHD,20210704
2828,CIHLDG,Yes,Food & Beverages ,C.I. HOLDINGS BERHAD,20210704
1023,CIMB,No,Banking ,CIMB GROUP HOLDINGS BERHAD,20210704
7117,CJCEN,Yes,Transportation & Logistics Services ,CJ CENTURY LOGISTICS HOLDINGS BERHAD,20210704
03001,CLOUD,Yes,Digital Services ,CLOUDARON GROUP BERHAD,20210704
7018,CME,Yes,Industrial Services ,CME GROUP BERHAD,20210704
5180,CMMT,No,Real Estate Investment Trusts ,CAPITALAND MALAYSIA MALL TRUST,20210704
2852,CMSB,Yes,Building Materials ,CAHYA MATA SARAWAK BERHAD,20210704
7986,CNASIA,No,"Industrial Materials, Components & Equipment ",CN ASIA CORPORATION BHD,20210704
5104,CNH,Yes,Consumer Services ,CITRA NUSA HOLDINGS BERHAD,20210704
5188,CNOUHUA,No,Food & Beverages ,CHINA OUHUA WINERY HOLDINGS LIMITED,20210704
5071,COASTAL,No,"Energy Infrastructure, Equipment & Services ",COASTAL CONTRACTS BHD,20210704
7205,COCOLND,Yes,Food & Beverages ,COCOALAND HOLDINGS BERHAD,20210704
7195,COMCORP,No,"Industrial Materials, Components & Equipment ",COMINTEL CORPORATION BHD,20210704
2127,COMFORT,Yes,"Industrial Materials, Components & Equipment ",COMFORT GLOVES BERHAD,20210704
5136,COMPLET,No,Transportation & Logistics Services ,COMPLETE LOGISTIC SERVICES BERHAD,20210704
5037,COMPUGT,Yes,Industrial Services ,COMPUGATES HOLDINGS BERHAD,20210704
0102,CONNECT,Yes,"Industrial Materials, Components & Equipment ",CONNECTCOUNTY HOLDINGS BERHAD,20210704
8591,CRESBLD,Yes,Construction ,CREST BUILDER HOLDINGS BERHAD,20210704
6718,CRESNDO,Yes,Property ,CRESCENDO CORPORATION BERHAD,20210704
03016,CRG,Yes,Personal Goods ,CRG INCORPORATED BERHAD,20210704
7202,CSCENIC,Yes,Household Goods ,CLASSIC SCENIC BERHAD,20210704
5094,CSCSTEL,Yes,Metals ,CSC STEEL HOLDINGS BERHAD,20210704
03035,CTIB,Yes,Industrial Services ,COSMOS TECHNOLOGY INTERNATIONAL BERHAD,20210704
0051,CUSCAPI,Yes,Software ,CUSCAPI BERHAD,20210704
5049,CVIEW,Yes,Property ,COUNTRY VIEW BERHAD,20210704
9423,CWG,Yes,Consumer Services ,CWG HOLDINGS BERHAD,20210704
7157,CYL,Yes,Packaging Materials ,CYL CORPORATION BERHAD,20210704
5184,CYPARK,Yes,Industrial Services ,CYPARK RESOURCES BERHAD,20210704
7204,D&O,Yes,Semiconductors ,D&O GREEN TECHNOLOGIES BERHAD,20210704
8125,DAIBOCI,Yes,Packaging Materials ,DAIBOCHI BERHAD,20210704
5276,DANCO,Yes,"Industrial Materials, Components & Equipment ",DANCOMECH HOLDINGS BERHAD,20210704
8338,DATAPRP,Yes,Digital Services ,DATAPREP HOLDINGS BHD,20210704
0091,DAYA,No,"Energy Infrastructure, Equipment & Services ",DAYA MATERIALS BERHAD,20210704
5141,DAYANG,Yes,"Energy Infrastructure, Equipment & Services ",DAYANG ENTERPRISE HOLDINGS BERHAD,20210704
3484,DBHD,Yes,Property ,DAMANSARA REALTY BHD,20210704
5132,DELEUM,Yes,"Energy Infrastructure, Equipment & Services ",DELEUM BERHAD,20210704
7212,DESTINI,Yes,Industrial Engineering ,DESTINI BERHAD,20210704
5165,DFCITY,Yes,Building Materials ,DFCITY GROUP BERHAD,20210704
0152,DGB,Yes,Software ,DGB ASIA BERHAD,20210704
0131,DGSB,No,Digital Services ,DIVERSIFIED GATEWAY SOLUTIONS BERHAD,20210704
7277,DIALOG,Yes,"Energy Infrastructure, Equipment & Services ",DIALOG GROUP BERHAD,20210704
6947,DIGI,Yes,Telecommunications Service Providers ,DIGI.COM BERHAD,20210704
0029,DIGISTA,No,Digital Services ,DIGISTAR CORPORATION BERHAD,20210704
0400GA,DIN040000223,Yes,Islamic-gg ,DANAINFRA NASIONAL-ETBS 4%0223,20210704
0400GC,DIN042300721,Yes,Islamic-gg ,DANAINFRA NASIONAL-ETBS 4.23%0721,20210704
0400GB,DIN045801028,Yes,Islamic-gg ,DANAINFRA NASIONAL-ETBS4.58%1028,20210704
7528,DKLS,Yes,Construction ,DKLS INDUSTRIES BHD,20210704
5908,DKSH,Yes,Consumer Services ,DKSH HOLDINGS (MALAYSIA) BERHAD,20210704
3026,DLADY,Yes,Food & Beverages ,DUTCH LADY MILK INDUSTRIES BERHAD,20210704
4456,DNEX,Yes,Digital Services ,DAGANG NEXCHANGE BERHAD,20210704
7114,DNONCE,Yes,Packaging Materials ,D'NONCE TECHNOLOGY BHD,20210704
5835,DOLMITE,No,Building Materials ,DOLOMITE CORPORATION BERHAD,20210704
5265,DOLPHIN,Yes,"Industrial Materials, Components & Equipment ",DOLPHIN INTERNATIONAL BERHAD,20210704
7169,DOMINAN,Yes,Wood & Wood Products ,DOMINANT ENTERPRISE BERHAD,20210704
7148,DPHARMA,Yes,Pharmaceuticals ,DUOPHARMA BIOTECH BERHAD,20210704
0205,DPIH,No,Household Goods ,DPI HOLDINGS BERHAD,20210704
7198,DPS,Yes,Property ,DPS RESOURCES BERHAD,20210704
1619,DRBHCOM,Yes,Automotive ,DRB-HICOM BERHAD,20210704
5216,DSONIC,Yes,Digital Services ,DATASONIC GROUP BERHAD,20210704
7233,DUFU,Yes,"Industrial Materials, Components & Equipment ",DUFU TECHNOLOGY CORP. BERHAD,20210704
3948,DUTALND,No,Plantation ,DUTALAND BERHAD,20210704
5178,DYNACIA,Yes,Metals ,DYNACIATE GROUP BERHAD,20210704
3417,E&O,Yes,Property ,EASTERN & ORIENTAL BERHAD,20210704
0154,EAH,No,Digital Services ,EA HOLDINGS BERHAD,20210704
2097,EASTLND,Yes,"Travel, Leisure & Hospitality ",EASTLAND EQUITY BHD,20210704
5259,EATECH,Yes,Transportation & Logistics Services ,E.A.TECHNIQUE (M) BERHAD,20210704
2143,ECM,No,Other Financials ,ECM LIBRA GROUP BERHAD,20210704
3557,ECOFIRS,Yes,Property ,ECOFIRST CONSOLIDATED BHD,20210704
0059,ECOHLDS,Yes,Telecommunications Service Providers ,ECOBUILT HOLDINGS BERHAD,20210704
5253,ECONBHD,Yes,Construction ,ECONPILE HOLDINGS BERHAD,20210704
8206,ECOWLD,Yes,Property ,ECO WORLD DEVELOPMENT GROUP BERHAD,20210704
5036,EDARAN,Yes,Technology Equipment ,EDARAN BERHAD,20210704
7471,EDEN,Yes,Electricity ,EDEN INC. BERHAD,20210704
1368,EDGENTA,Yes,Industrial Services ,UEM EDGENTA BERHAD,20210704
0107,EDUSPEC,Yes,Software ,EDUSPEC HOLDINGS BERHAD,20210704
0064,EFFICEN,No,Industrial Services ,EFFICIENT E-SOLUTIONS BERHAD,20210704
0065,EFORCE,Yes,Software ,EXCEL FORCE MSC BERHAD,20210704
0227,EFRAME,Yes,Building Materials ,ECONFRAME BERHAD,20210704
8907,EG,Yes,"Industrial Materials, Components & Equipment ",EG INDUSTRIES BERHAD,20210704
5081,EIG,Yes,Personal Goods ,ESTHETICS INTERNATIONAL GROUP BERHAD,20210704
5208,EITA,Yes,"Industrial Materials, Components & Equipment ",EITA RESOURCES BERHAD,20210704
7182,EKA,Yes,Food & Beverages ,EKA NOODLES BERHAD,20210704
8877,EKOVEST,Yes,Construction ,EKOVEST BERHAD,20210704
9016,EKSONS,No,Wood & Wood Products ,EKSONS CORPORATION BERHAD,20210704
5228,ELKDESA,No,Other Financials ,ELK-DESA RESOURCES BERHAD,20210704
0090,ELSOFT,Yes,Technology Equipment ,ELSOFT RESEARCH BERHAD,20210704
7217,EMETALL,Yes,Metals ,EONMETALL GROUP BERHAD,20210704
9091,EMICO,Yes,Consumer Services ,EMICO HOLDINGS BERHAD,20210704
6076,ENCORP,Yes,Property ,ENCORP BERHAD,20210704
03025,ENEST,Yes,Consumer Services ,ENEST GROUP BERHAD,20210704
7149,ENGKAH,Yes,Household Goods ,ENG KAH CORPORATION BERHAD,20210704
5056,ENGTEX,Yes,Metals ,ENGTEX GROUP BERHAD,20210704
8613,ENRA,Yes,Property ,ENRA GROUP BERHAD,20210704
7773,EPMB,Yes,Auto Parts ,EP MANUFACTURING BHD,20210704
0190,ESAFE,Yes,Auto Parts ,EVERSAFE RUBBER BERHAD,20210704
0100,ESCERAM,No,"Industrial Materials, Components & Equipment ",ES CERAMICS TECHNOLOGY BHD,20210704
03021,ETH,No,Consumer Services ,EQUITIESTRACKER HOLDINGS BERHAD,20210704
6815,EUPE,Yes,Property ,EUPE CORPORATION BERHAD,20210704
7208,EURO,Yes,Consumer Services ,EURO HOLDINGS BERHAD,20210704
7094,EUROSP,Yes,Household Goods ,EUROSPAN HOLDINGS BERHAD,20210704
5101,EVERGRN,Yes,Wood & Wood Products ,EVERGREEN FIBREBOARD BERHAD,20210704
7249,EWEIN,Yes,Property ,EWEIN BERHAD,20210704
5283,EWINT,Yes,Property ,ECO WORLD INTERNATIONAL BERHAD,20210704
3689,F&N,Yes,Food & Beverages ,FRASER & NEAVE HOLDINGS BHD,20210704
2984,FACBIND,No,Metals ,FACB INDUSTRIES INCORPORATED BERHAD,20210704
7047,FAJAR,Yes,Construction ,FAJARBARU BUILDER GROUP BHD,20210704
5029,FAREAST,Yes,Plantation ,FAR EAST HOLDINGS BERHAD,20210704
6041,FARLIM,No,Property ,FARLIM GROUP (MALAYSIA) BHD,20210704
7229,FAVCO,Yes,Industrial Engineering ,FAVELLE FAVCO BERHAD,20210704
03026,FBBHD,Yes,Industrial Services ,FIBROMAT (M) BERHAD,20210704
2755,FCW,No,Household Goods ,FCW HOLDINGS BERHAD,20210704
5222,FGV,Yes,Plantation ,FGV HOLDINGS BERHAD,20210704
6939,FIAMMA,Yes,Household Goods ,FIAMMA HOLDINGS BERHAD,20210704
0149,FIBON,No,"Industrial Materials, Components & Equipment ",FIBON BERHAD,20210704
8605,FIHB,Yes,Household Goods ,FEDERAL INTERNATIONAL HOLDINGS BERHAD,20210704
3107,FIMACOR,Yes,Industrial Services ,FIMA CORPORATION BERHAD,20210704
0150,FINTEC,No,Other Financials ,FINTEC GLOBAL BERHAD,20210704
9318,FITTERS,Yes,"Industrial Materials, Components & Equipment ",FITTERS DIVERSIFIED BERHAD,20210704
5197,FLBHD,No,Wood & Wood Products ,FOCUS LUMBER BERHAD,20210704
0231,FLEXI,Yes,Industrial Services ,FLEXIDYNAMIC HOLDINGS BERHAD,20210704
0116,FOCUS,No,"Travel, Leisure & Hospitality ",FOCUS DYNAMICS GROUP BERHAD,20210704
0157,FOCUSP,Yes,Personal Goods ,FOCUS POINT HOLDINGS BERHAD,20210704
5277,FPGROUP,Yes,"Industrial Materials, Components & Equipment ",FOUNDPAC GROUP BERHAD,20210704
9172,FPI,Yes,Household Goods ,FORMOSA PROSONIC INDUSTRIES BERHAD,20210704
7210,FREIGHT,Yes,Transportation & Logistics Services ,FREIGHT MANAGEMENT HOLDINGS BERHAD,20210704
0128,FRONTKN,Yes,Semiconductors ,FRONTKEN CORPORATION BERHAD,20210704
9377,FSBM,Yes,Technology Equipment ,FSBM HOLDINGS BERHAD,20210704
7184,G3,Yes,Personal Goods ,G3 GLOBAL BERHAD,20210704
9261,GADANG,Yes,Construction ,GADANG HOLDINGS BHD,20210704
5398,GAMUDA,Yes,Construction ,GAMUDA BERHAD,20210704
5209,GASMSIA,Yes,"Gas, Water & Multi-utilities ",GAS MALAYSIA BERHAD,20210704
5226,GBGAQRS,Yes,Construction ,GABUNGAN AQRS BERHAD,20210704
7676,GCAP,Yes,Transportation & Logistics Services ,G CAPITAL BERHAD,20210704
5102,GCB,Yes,Food & Beverages ,GUAN CHONG BERHAD,20210704
5592,GCE,No,"Travel, Leisure & Hospitality ",GRAND CENTRAL ENTERPRISES BHD,20210704
0198,GDB,Yes,Construction ,GDB HOLDINGS BERHAD,20210704
0078,GDEX,Yes,Transportation & Logistics Services ,GD EXPRESS CARRIER BERHAD,20210704
0104,GENETEC,Yes,Technology Equipment ,GENETEC TECHNOLOGY BERHAD,20210704
4715,GENM,No,"Travel, Leisure & Hospitality ",GENTING MALAYSIA BERHAD,20210704
2291,GENP,Yes,Plantation ,GENTING PLANTATIONS BERHAD,20210704
3182,GENTING,No,"Travel, Leisure & Hospitality ",GENTING BERHAD,20210704
7197,GESHEN,Yes,"Industrial Materials, Components & Equipment ",GE-SHEN CORPORATION BERHAD,20210704
5079,GETS,Yes,"Travel, Leisure & Hospitality ",GETS GLOBAL BERHAD,20210704
0039,GFM,Yes,Industrial Services ,GFM SERVICES BERHAD,20210704
0021,GHLSYS,Yes,Digital Services ,GHL SYSTEMS BERHAD,20210704
7192,GIIB,Yes,Auto Parts ,GIIB HOLDINGS BERHAD,20210704
3204,GKENT,Yes,Construction ,GEORGE KENT (MALAYSIA) BERHAD,20210704
7382,GLBHD,Yes,Plantation ,GOLDEN LAND BERHAD,20210704
5020,GLOMAC,Yes,Property ,GLOMAC BERHAD,20210704
5220,GLOTEC,Yes,"Industrial Materials, Components & Equipment ",GLOBALTEC FORMATION BERHAD,20210704
9962,GMUTUAL,Yes,Property ,GROMUTUAL BERHAD,20210704
0045,GNB,Yes,Software ,G NEPTUNE BERHAD,20210704
1147,GOB,Yes,Property ,GLOBAL ORIENTAL BERHAD,20210704
0074,GOCEAN,Yes,Food & Beverages ,GREEN OCEAN CORPORATION BERHAD,20210704
0828EA,GOLDETF,Yes,Commodity Fund ,TRADEPLUS SHARIAH GOLD TRACKER,20210704
2135,GOPENG,Yes,Plantation ,GOPENG BERHAD,20210704
0082,GPACKET,No,Telecommunications Service Providers ,GREEN PACKET BERHAD,20210704
5649,GPHAROS,Yes,Wood & Wood Products ,GOLDEN PHAROS BERHAD,20210704
03029,GPP,Yes,Industrial Services ,GPP RESOURCES BERHAD,20210704
0056,GRANFLO,Yes,Digital Services ,GRAND-FLO BERHAD,20210704
0208,GREATEC,Yes,Technology Equipment ,GREATECH TECHNOLOGY BERHAD,20210704
0136,GREENYB,Yes,Agricultural Products ,GREENYIELD BERHAD,20210704
7022,GTRONIC,Yes,Semiconductors ,GLOBETRONICS TECHNOLOGY BERHAD,20210704
3247,GUH,Yes,"Industrial Materials, Components & Equipment ",GUH HOLDINGS BERHAD,20210704
1503,GUOCO,No,Property ,GUOCOLAND (MALAYSIA) BERHAD,20210704
7668,HAIO,No,Retailers ,HAI-O ENTERPRISE BERHAD,20210704
7253,HANDAL,Yes,"Energy Infrastructure, Equipment & Services ",HANDAL ENERGY BERHAD,20210704
3034,HAPSENG,No,Diversified Industrials ,HAP SENG CONSOLIDATED BERHAD,20210704
2062,HARBOUR,Yes,Transportation & Logistics Services ,HARBOUR-LINK GROUP BERHAD,20210704
5008,HARISON,No,Food & Beverages ,HARRISONS HOLDINGS (MALAYSIA) BERHAD,20210704
7501,HARNLEN,Yes,Plantation ,HARN LEN CORPORATION BHD,20210704
5168,HARTA,Yes,Health Care Equipment & Services ,HARTALEGA HOLDINGS BERHAD,20210704
5187,HBGLOB,No,Food & Beverages ,HB GLOBAL LIMITED,20210704
7105,HCK,Yes,Property ,HCK CAPITAL GROUP BERHAD,20210704
3255,HEIM,No,Food & Beverages ,HEINEKEN MALAYSIA BERHAD,20210704
5121,HEKTAR,No,Real Estate Investment Trusts ,HEKTAR REAL ESTATE INVESTMENT TRUST,20210704
4324,HENGYUAN,Yes,Oil & Gas Producers ,HENGYUAN REFINING COMPANY BERHAD,20210704
5095,HEVEA,Yes,Wood & Wood Products ,HEVEABOARD BERHAD,20210704
0161,HEXIND,Yes,"Industrial Materials, Components & Equipment ",HEXTAR INDUSTRIES BERHAD,20210704
5151,HEXTAR,Yes,Chemicals ,HEXTAR GLOBAL BERHAD,20210704
3298,HEXZA,No,Chemicals ,HEXZA CORPORATION BERHAD,20210704
0175,HHGROUP,Yes,"Industrial Materials, Components & Equipment ",HENG HUAT RESOURCES GROUP BERHAD,20210704
0160,HHHCORP,Yes,Industrial Services ,HIAP HUAT HOLDINGS BERHAD,20210704
5072,HIAPTEK,Yes,Metals ,HIAP TECK VENTURE BERHAD,20210704
5199,HIBISCS,Yes,Oil & Gas Producers ,HIBISCUS PETROLEUM BERHAD,20210704
7033,HIGHTEC,Yes,Industrial Engineering ,KUMPULAN H & L HIGH-TECH BERHAD,20210704
8443,HIL,Yes,Chemicals ,HIL INDUSTRIES BERHAD,20210704
5819,HLBANK,No,Banking ,HONG LEONG BANK BERHAD,20210704
5274,HLCAP,No,Other Financials ,HONG LEONG CAPITAL BERHAD,20210704
1082,HLFG,No,Banking ,HONG LEONG FINANCIAL GROUP BERHAD,20210704
3301,HLIND,Yes,Automotive ,HONG LEONG INDUSTRIES BERHAD,20210704
0188,HLT,Yes,"Industrial Materials, Components & Equipment ",HLT GLOBAL BERHAD,20210704
5169,HOHUP,Yes,Construction ,HO HUP CONSTRUCTION COMPANY BHD,20210704
5160,HOMERIZ,Yes,Household Goods ,HOMERITZ CORPORATION BERHAD,20210704
0041,HONGSENG,Yes,Software ,HONG SENG CONSOLIDATED BERHAD,20210704
7010,HOOVER,Yes,Property ,GRAND HOOVER BERHAD,20210704
5291,HPMT,Yes,"Industrial Materials, Components & Equipment ",HPMT HOLDINGS BERHAD,20210704
0228,HPPHB,Yes,Packaging Materials ,HPP HOLDINGS BERHAD,20210704
6238,HSL,Yes,Construction ,HOCK SENG LEE BERHAD,20210704
5138,HSPLANT,Yes,Plantation ,HAP SENG PLANTATIONS HOLDINGS BERHAD,20210704
0185,HSSEB,Yes,Industrial Engineering ,HSS ENGINEERS BERHAD,20210704
5028,HTPADU,Yes,Digital Services ,HEITECH PADU BERHAD,20210704
5062,HUAYANG,Yes,Property ,HUA YANG BERHAD,20210704
7013,HUBLINE,Yes,Transportation & Logistics Services ,HUBLINE BERHAD,20210704
5000,HUMEIND,No,Building Materials ,HUME INDUSTRIES BERHAD,20210704
5024,HUPSENG,Yes,Food & Beverages ,HUP SENG INDUSTRIES BERHAD,20210704
8478,HWATAI,Yes,Food & Beverages ,HWA TAI INDUSTRIES BERHAD,20210704
9601,HWGB,Yes,"Industrial Materials, Components & Equipment ",HO WAH GENTING BERHAD,20210704
4251,IBHD,Yes,Property ,I-BERHAD,20210704
5084,IBRACO,Yes,Property ,IBRACO BERHAD,20210704
5108,ICAP,No,Closed End Fund ,ICAPITAL.BIZ BERHAD,20210704
5255,ICON,Yes,"Energy Infrastructure, Equipment & Services ",ICON OFFSHORE BERHAD,20210704
9113,ICONIC,Yes,"Travel, Leisure & Hospitality ",ICONIC WORLDWIDE BERHAD,20210704
03038,ICTZONE,No,Technology Equipment ,ICT ZONE ASIA BERHAD,20210704
03030,IDBTECH,No,Software ,IDB TECHNOLOGIES BERHAD,20210704
9687,IDEAL,Yes,Property ,IDEAL UNITED BINTANG INTERNATIONAL BERHAD,20210704
0174,IDMENSN,No,Software ,IDIMENSION CONSOLIDATED BHD,20210704
0023,IFCAMSC,Yes,Software ,IFCA MSC BERHAD,20210704
5606,IGBB,No,Property ,IGB BERHAD,20210704
5227,IGBREIT,No,Real Estate Investment Trusts ,IGB REAL ESTATE INVESTMENT TRUST,20210704
5225,IHH,Yes,Health Care Providers ,IHH HEALTHCARE BERHAD,20210704
0401GA,IHS046000824,Yes,Islamic-gg ,IHSAN SUKUK-ETBS 4.60%0824,20210704
3336,IJM,Yes,Construction ,IJM CORPORATION BERHAD,20210704
2216,IJMPLNT,No,Plantation ,IJM PLANTATIONS BERHAD,20210704
5614,ILB,Yes,Transportation & Logistics Services ,INTEGRATED LOGISTICS BHD,20210704
7222,IMASPRO,Yes,Chemicals ,IMASPRO CORPORATION BERHAD,20210704
7243,IMPIANA,No,Food & Beverages ,IMPIANA HOTELS BERHAD,20210704
0166,INARI,Yes,Semiconductors ,INARI AMERTRON BERHAD,20210704
2607,INCKEN,Yes,Plantation ,INCH KENNETH KAJANG RUBBER PUBLIC LTD CO,20210704
0094,INIX,Yes,Software ,INIX TECHNOLOGIES HOLDINGS BERHAD,20210704
5295,INNATURE,Yes,Personal Goods ,INNATURE BERHAD,20210704
0147,INNITY,No,Media ,INNITY CORPORATION BERHAD,20210704
6262,INNO,Yes,Plantation ,INNOPRISE PLANTATIONS BERHAD,20210704
3379,INSAS,No,Other Financials ,INSAS BERHAD,20210704
0192,INTA,Yes,Construction ,INTA BINA GROUP BERHAD,20210704
1961,IOICORP,Yes,Plantation ,IOI CORPORATION BERHAD,20210704
5249,IOIPG,Yes,Property ,IOI PROPERTIES GROUP BERHAD,20210704
5673,IPMUDA,Yes,Industrial Services ,IPMUDA BERHAD,20210704
5107,IQGROUP,Yes,Household Goods ,IQ GROUP HOLDINGS BERHAD,20210704
7183,IQZAN,Yes,Packaging Materials ,IQZAN HOLDING BERHAD,20210704
8834,IREKA,Yes,Construction ,IREKA CORPORATION BERHAD,20210704
0010,IRIS,Yes,Software ,IRIS CORPORATION BERHAD,20210704
9393,ITRONIC,Yes,Technology Equipment ,INDUSTRONICS BERHAD,20210704
5175,IVORY,Yes,Property ,IVORY PROPERTIES GROUP BERHAD,20210704
1589,IWCITY,Yes,Property ,ISKANDAR WATERFRONT CITY BERHAD,20210704
7043,JADEM,Yes,Building Materials ,JADE MARVEL GROUP BERHAD,20210704
7223,JADI,Yes,Consumer Services ,JADI IMAGING HOLDINGS BERHAD,20210704
0024,JAG,Yes,Industrial Services ,JAG BERHAD,20210704
4723,JAKS,Yes,Construction ,JAKS RESOURCES BERHAD,20210704
8648,JASKITA,No,"Industrial Materials, Components & Equipment ",JASA KITA BERHAD,20210704
7152,JAYCORP,Yes,Household Goods ,JAYCORP BERHAD,20210704
0058,JCBNEXT,No,Industrial Services ,JCBNEXT BERHAD,20210704
5161,JCY,Yes,Technology Equipment ,JCY INTERNATIONAL BERHAD,20210704
8931,JERASIA,No,Personal Goods ,JERASIA CAPITAL BERHAD,20210704
9083,JETSON,Yes,Auto Parts ,KUMPULAN JETSON BERHAD,20210704
0146,JFTECH,Yes,Technology Equipment ,JF TECHNOLOGY BERHAD,20210704
0127,JHM,Yes,Semiconductors ,JHM CONSOLIDATION BERHAD,20210704
8923,JIANKUN,Yes,Property ,JIANKUN INTERNATIONAL BERHAD,20210704
03040,JISHAN,Yes,Packaging Materials ,JISHAN BERHAD,20210704
6769,JKGLAND,Yes,Property ,JKG LAND BERHAD,20210704
7096,JOE,No,Auto Parts ,JOE HOLDING BERHAD,20210704
3441,JOHAN,No,Other Financials ,JOHAN HOLDINGS BERHAD,20210704
7167,JOHOTIN,Yes,Food & Beverages ,JOHORE TIN BERHAD,20210704
4383,JTIASA,Yes,Plantation ,JAYA TIASA HOLDINGS BHD,20210704
0111,K1,Yes,Technology Equipment ,K-ONE TECHNOLOGY BERHAD,20210704
0193,KAB,Yes,Industrial Engineering ,KEJURUTERAAN ASASTERA BERHAD,20210704
8672,KAMDAR,Yes,Retailers ,KAMDAR GROUP (M) BERHAD,20210704
0170,KANGER,Yes,Household Goods ,KANGER INTERNATIONAL BERHAD,20210704
5247,KAREX,Yes,Personal Goods ,KAREX BERHAD,20210704
0054,KARYON,Yes,Chemicals ,KARYON INDUSTRIES BERHAD,20210704
7216,KAWAN,Yes,Food & Beverages ,KAWAN FOOD BERHAD,20210704
7199,KEINHIN,Yes,Metals ,KEIN HING INTERNATIONAL BERHAD,20210704
7323,KEN,Yes,Property ,KEN HOLDINGS BERHAD,20210704
6483,KENANGA,No,Other Financials ,KENANGA INVESTMENT BANK BERHAD,20210704
7161,KERJAYA,Yes,Construction ,KERJAYA PROSPEK GROUP BERHAD,20210704
9334,KESM,Yes,Semiconductors ,KESM INDUSTRIES BERHAD,20210704
0143,KEYASIC,Yes,Semiconductors ,KEY ASIC BERHAD,20210704
6491,KFIMA,Yes,Diversified Industrials ,KUMPULAN FIMA BERHAD,20210704
0151,KGB,Yes,Industrial Engineering ,KELINGTON GROUP BERHAD,20210704
0036,KGROUP,Yes,Technology Equipment ,KEY ALLIANCE GROUP BERHAD,20210704
6203,KHEESAN,No,Food & Beverages ,KHEE SAN BERHAD,20210704
7062,KHIND,Yes,Household Goods ,KHIND HOLDINGS BERHAD,20210704
0210,KHJB,Yes,Retailers ,KIM HIN JOO (MALAYSIA) BERHAD,20210704
6211,KIALIM,Yes,Building Materials ,KIA LIM BERHAD,20210704
5371,KIMHIN,Yes,Building Materials ,KIM HIN INDUSTRY BERHAD,20210704
5171,KIMLUN,Yes,Construction ,KIMLUN CORPORATION BERHAD,20210704
5280,KIPREIT,No,Real Estate Investment Trusts ,KIP REAL ESTATE INVESTMENT TRUST,20210704
9466,KKB,Yes,Industrial Engineering ,KKB ENGINEERING BERHAD,20210704
5235SS,KLCC,Yes,Real Estate Investment Trusts ,KLCC PROPERTY HOLDINGS BERHAD,20210704
0835EA,KLCI1XI,No,N/A,KENANGA KLCI DAILY (-1X) INVERSE ETF,20210704
0834EA,KLCI2XL,No,N/A,KENANGA KLCI DAILY 2X LEVERAGED ETF,20210704
2445,KLK,Yes,Plantation ,KUALA LUMPUR KEPONG BERHAD,20210704
2453,KLUANG,No,Plantation ,KLUANG RUBBER COMPANY (MALAYA) BERHAD,20210704
5027,KMLOONG,Yes,Plantation ,KIM LOONG RESOURCES BERHAD,20210704
7164,KNM,No,Other Energy Resources ,KNM GROUP BERHAD,20210704
5035,KNUSFOR,Yes,Industrial Services ,KNUSFORD BERHAD,20210704
6971,KOBAY,Yes,"Industrial Materials, Components & Equipment ",KOBAY TECHNOLOGY BERHAD,20210704
7017,KOMARK,Yes,Packaging Materials ,KOMARKCORP BERHAD,20210704
7153,KOSSAN,Yes,Health Care Equipment & Services ,KOSSAN RUBBER INDUSTRIES BERHAD,20210704
0002,KOTRA,Yes,Pharmaceuticals ,KOTRA INDUSTRIES BERHAD,20210704
5878,KPJ,Yes,Health Care Providers ,KPJ HEALTHCARE BERHAD,20210704
7130,KPOWER,Yes,Personal Goods ,KUMPULAN POWERNET BERHAD,20210704
7077,KPPROP,Yes,Property ,KERJAYA PROSPEK PROPERTY BERHAD,20210704
5843,KPS,Yes,Diversified Industrials ,KUMPULAN PERANGSANG SELANGOR BERHAD,20210704
9121,KPSCB,Yes,Wood & Wood Products ,KPS CONSORTIUM BERHAD,20210704
1996,KRETAM,Yes,Plantation ,KRETAM HOLDINGS BERHAD,20210704
0176,KRONO,Yes,Digital Services ,KRONOLOGI ASIA BERHAD,20210704
3476,KSENG,No,Diversified Industrials ,KECK SENG (MALAYSIA) BERHAD,20210704
5038,KSL,Yes,Property ,KSL HOLDINGS BERHAD,20210704
5192,KSSC,Yes,"Industrial Materials, Components & Equipment ",K.SENG SENG CORPORATION BERHAD,20210704
4847,KTB,Yes,"Travel, Leisure & Hospitality ",KONSORTIUM TRANSNASIONAL BERHAD,20210704
0180,KTC,No,Consumer Services ,KIM TECK CHEONG CONSOLIDATED BERHAD,20210704
7165,KTG,No,Building Materials ,KTG BERHAD,20210704
6874,KUB,Yes,Industrial Services ,KUB MALAYSIA BERHAD,20210704
2186,KUCHAI,No,Other Financials ,KUCHAI DEVELOPMENT BERHAD,20210704
8362,KYM,Yes,Packaging Materials ,KYM HOLDINGS BERHAD,20210704
3174,L&G,Yes,Property ,LAND & GENERAL BERHAD,20210704
7179,LAGENDA,Yes,Property ,LAGENDA PROPERTIES BERHAD,20210704
0018,LAMBO,No,Software ,LAMBO GROUP BERHAD,20210704
1643,LANDMRK,No,"Travel, Leisure & Hospitality ",LANDMARKS BERHAD,20210704
7006,LATITUD,Yes,Household Goods ,LATITUDE TREE HOLDINGS BERHAD,20210704
9385,LAYHONG,Yes,Agricultural Products ,LAY HONG BERHAD,20210704
9326,LBALUM,Yes,Metals ,LB ALUMINIUM BERHAD,20210704
8494,LBICAP,Yes,Property ,LBI CAPITAL BERHAD,20210704
5789,LBS,Yes,Property ,LBS BINA GROUP BERHAD,20210704
5284,LCTITAN,Yes,Chemicals ,LOTTE CHEMICAL TITAN HOLDING BERHAD,20210704
9628,LEBTECH,Yes,Construction ,LEBTECH BERHAD,20210704
8079,LEESK,Yes,Household Goods ,LEE SWEE KIAT GROUP BERHAD,20210704
5232,LEONFB,No,Metals ,LEON FUAT BERHAD,20210704
7170,LFECORP,Yes,Industrial Engineering ,LFE CORPORATION BERHAD,20210704
6633,LHI,No,Agricultural Products ,LEONG HUP INTERNATIONAL BERHAD,20210704
3573,LIENHOE,No,Property ,LIEN HOE CORPORATION BERHAD,20210704
7089,LIIHEN,Yes,Household Goods ,LII HEN INDUSTRIES BHD.,20210704
4235,LIONIND,Yes,Metals ,LION INDUSTRIES CORPORATION BERHAD,20210704
8486,LIONPSIM,Yes,Industrial Services ,LION POSIM BERHAD,20210704
6645,LITRAK,Yes,Transportation & Logistics Services ,LINGKARAN TRANS KOTA HOLDINGS BERHAD,20210704
0182,LKL,Yes,Health Care Equipment & Services ,LKL INTERNATIONAL BERHAD,20210704
8303,LOTUS,Yes,Food & Beverages ,LOTUS KFM BERHAD,20210704
8621,LPI,No,Insurance ,LPI CAPITAL BHD,20210704
9881,LSTEEL,Yes,Metals ,LEADER STEEL HOLDINGS BERHAD,20210704
7085,LTKM,Yes,Agricultural Products ,LTKM BERHAD,20210704
5068,LUSTER,Yes,"Industrial Materials, Components & Equipment ",LUSTER INDUSTRIES BHD.,20210704
5143,LUXCHEM,Yes,Chemicals ,LUXCHEM CORPORATION BERHAD,20210704
0075,LYC,Yes,Health Care Providers ,LYC HEALTHCARE BERHAD,20210704
9199,LYSAGHT,No,Metals ,LYSAGHT GALVANIZED STEEL BERHAD,20210704
5078,M&G,No,Transportation & Logistics Services ,MARINE & GENERAL BERHAD,20210704
0017,M3TECH,Yes,Telecommunications Equipment ,M3 TECHNOLOGIES (ASIA) BERHAD,20210704
1198,MAA,No,Insurance ,MAA GROUP BERHAD,20210704
0140,MACPIE,Yes,Consumer Services ,MACPIE BERHAD,20210704
0095,MAG,Yes,Food & Beverages ,MAG HOLDINGS BERHAD,20210704
7617,MAGNA,Yes,Property ,MAGNA PRIMA BERHAD,20210704
7087,MAGNI,Yes,Personal Goods ,MAGNI-TECH INDUSTRIES BERHAD,20210704
3859,MAGNUM,No,"Travel, Leisure & Hospitality ",MAGNUM BERHAD,20210704
8583,MAHSING,Yes,Property ,MAH SING GROUP BERHAD,20210704
5264,MALAKOF,Yes,Electricity ,MALAKOFF CORPORATION BERHAD,20210704
4936,MALPAC,No,Plantation ,MALPAC HOLDINGS BERHAD,20210704
6181,MALTON,Yes,Property ,MALTON BERHAD,20210704
1058,MANULFE,No,Insurance ,MANULIFE HOLDINGS BERHAD,20210704
3514,MARCO,No,Personal Goods ,MARCO HOLDINGS BERHAD,20210704
5098,MASTEEL,Yes,Metals ,MALAYSIA STEEL WORKS (KL) BHD,20210704
7029,MASTER,Yes,Packaging Materials ,MASTER-PACK GROUP BERHAD,20210704
0189,MATANG,No,Plantation ,MATANG BERHAD,20210704
5236,MATRIX,Yes,Property ,MATRIX CONCEPTS HOLDINGS BERHAD,20210704
4022,MAXIM,Yes,Property ,MAXIM GLOBAL BERHAD,20210704
6012,MAXIS,Yes,Telecommunications Service Providers ,MAXIS BERHAD,20210704
1155,MAYBANK,No,Banking ,MALAYAN BANKING BERHAD,20210704
5077,MAYBULK,No,Transportation & Logistics Services ,MALAYSIAN BULK CARRIERS BERHAD,20210704
5152,MBL,Yes,"Industrial Materials, Components & Equipment ",MUAR BAN LEE GROUP BERHAD,20210704
5983,MBMR,Yes,Automotive ,MBM RESOURCES BHD,20210704
1171,MBSB,No,Other Financials ,MALAYSIA BUILDING SOCIETY BERHAD,20210704
7004,MCEHLDG,Yes,Auto Parts ,MCE HOLDINGS BERHAD,20210704
3794,MCEMENT,Yes,Building Materials ,MALAYAN CEMENT BERHAD,20210704
0167,MCLEAN,Yes,Industrial Services ,MCLEAN TECHNOLOGIES BERHAD,20210704
03022,MCOM,Yes,Digital Services ,MCOM HOLDINGS BERHAD,20210704
5182,MCT,Yes,Property ,MCT BERHAD,20210704
4502,MEDIA,No,Media ,MEDIA PRIMA BERHAD,20210704
5090,MEDIAC,Yes,Media ,MEDIA CHINESE INTERNATIONAL LIMITED,20210704
0081,MEGASUN,Yes,Industrial Services ,MEGA SUN CITY HOLDINGS BERHAD,20210704
5129,MELATI,Yes,Construction ,MELATI EHSAN HOLDINGS BERHAD,20210704
3778,MELEWAR,Yes,Metals ,MELEWAR INDUSTRIAL GROUP BERHAD,20210704
1694,MENANG,Yes,Property ,MENANG CORPORATION (M) BERHAD,20210704
5223,MENTIGA,Yes,Wood & Wood Products ,MENTIGA CORPORATION BERHAD,20210704
8192,MERCURY,Yes,Construction ,MERCURY INDUSTRIES BERHAD,20210704
5040,MERIDIAN,Yes,Property ,MERIDIAN BERHAD,20210704
7234,MESB,Yes,Personal Goods ,MESB BERHAD,20210704
0207,MESTRON,Yes,Metals ,MESTRON HOLDINGS BERHAD,20210704
0825EA,METFSID,Yes,Equity Fund ,MYETF MSCI SEA ISLAMIC DIVIDEND,20210704
0827EA,METFUS50,Yes,Equity Fund ,MYETF DOW JONES U.S. TITANS 50,20210704
6149,METROD,No,Metals ,METROD HOLDINGS BERHAD,20210704
3069,MFCB,Yes,Electricity ,MEGA FIRST CORPORATION BERHAD,20210704
03015,MFGROUP,Yes,Consumer Services ,MANFORCE GROUP BERHAD,20210704
3662,MFLOUR,Yes,Food & Beverages ,MALAYAN FLOUR MILLS BERHAD,20210704
7595,MGB,Yes,Construction ,MGB BERHAD,20210704
0155,MGRC,Yes,Health Care Equipment & Services ,MALAYSIAN GENOMICS RESOURCE CENTRE BERHAD,20210704
5186,MHB,Yes,"Energy Infrastructure, Equipment & Services ",MALAYSIA MARINE AND HEAVY ENGINEERING HOLDINGS BERHAD,20210704
5026,MHC,Yes,Plantation ,MHC PLANTATIONS BHD,20210704
03005,MHCARE,Yes,Health Care Providers ,METRO HEALTHCARE BERHAD,20210704
5286,MI,Yes,Technology Equipment ,MI TECHNOVATION BERHAD,20210704
0126,MICROLN,Yes,Digital Services ,MICROLINK SOLUTIONS BERHAD,20210704
5001,MIECO,Yes,Wood & Wood Products ,MIECO CHIPBOARD BERHAD,20210704
0112,MIKROMB,Yes,Technology Equipment ,MIKRO MSC BERHAD,20210704
7935,MILUX,Yes,Household Goods ,MILUX CORPORATION BERHAD,20210704
5166,MINDA,Yes,Consumer Services ,MINDA GLOBAL BERHAD,20210704
7219,MINETEC,Yes,Building Materials ,MINETECH RESOURCES BERHAD,20210704
5576,MINHO,Yes,Wood & Wood Products ,MINHO (M) BERHAD,20210704
3816,MISC,Yes,Transportation & Logistics Services ,MISC BERHAD,20210704
9571,MITRA,Yes,Construction ,MITRAJAYA HOLDINGS BERHAD,20210704
8141,MJPERAK,Yes,Property ,MAJUPERAK HOLDINGS BERHAD,20210704
6114,MKH,Yes,Property ,MKH BERHAD,20210704
8893,MKLAND,Yes,Property ,MK LAND HOLDINGS BERHAD,20210704
0085,MLAB,No,Technology Equipment ,MLABS SYSTEMS BERHAD,20210704
0034,MMAG,Yes,Digital Services ,MMAG HOLDINGS BERHAD,20210704
2194,MMCCORP,Yes,Transportation & Logistics Services ,MMC CORPORATION BERHAD,20210704
03027,MMIS,Yes,"Industrial Materials, Components & Equipment ",MMIS BERHAD,20210704
0113,MMSV,Yes,Technology Equipment ,MMS VENTURES BERHAD,20210704
0103,MNC,Yes,Telecommunications Equipment ,M N C WIRELESS BERHAD,20210704
6459,MNRB,No,Insurance ,MNRB HOLDINGS BERHAD,20210704
0229,MOBILIA,Yes,Household Goods ,MOBILIA HOLDINGS BERHAD,20210704
0156,MPAY,Yes,Software ,MANAGEPAY SYSTEMS BERHAD,20210704
6548,MPCORP,Yes,Property ,MALAYSIA PACIFIC CORPORATION BERHAD,20210704
5237,MPHBCAP,No,Insurance ,MPHB CAPITAL BERHAD,20210704
3867,MPI,Yes,Semiconductors ,MALAYSIAN PACIFIC INDUSTRIES BERHAD,20210704
03019,MPSOL,Yes,Consumer Services ,MATRIX PARKING SOLUTION HOLDINGS BERHAD,20210704
0070,MQTECH,Yes,Semiconductors ,MQ TECHNOLOGY BERHAD,20210704
1651,MRCB,Yes,Property ,MALAYSIAN RESOURCES CORPORATION BERHAD,20210704
5296,MRDIY,Yes,Retailers ,MR D.I.Y. GROUP (M) BERHAD,20210704
5916,MSC,No,Metals ,MALAYSIA SMELTING CORPORATION BERHAD,20210704
5202,MSM,Yes,Food & Beverages ,MSM MALAYSIA HOLDINGS BERHAD,20210704
5011,MSNIAGA,Yes,Digital Services ,MESINIAGA BERHAD,20210704
0213,MTAG,No,Industrial Services ,MTAG GROUP BERHAD,20210704
0092,MTOUCHE,No,Telecommunications Service Providers ,MTOUCHE TECHNOLOGY BERHAD,20210704
0043,MTRONIC,Yes,Industrial Services ,METRONIC GLOBAL BERHAD,20210704
3883,MUDA,Yes,Packaging Materials ,MUDA HOLDINGS BERHAD,20210704
5085,MUDAJYA,No,Construction ,MUDAJAYA GROUP BERHAD,20210704
9539,MUH,Yes,Property ,MULTI-USAGE HOLDINGS BERHAD,20210704
5703,MUHIBAH,Yes,Construction ,MUHIBBAH ENGINEERING (M) BHD,20210704
3891,MUIIND,No,"Travel, Leisure & Hospitality ",MALAYAN UNITED INDUSTRIES BERHAD,20210704
3913,MUIPROP,Yes,Property ,MUI PROPERTIES BERHAD,20210704
3905,MULPHA,No,"Travel, Leisure & Hospitality ",MULPHA INTERNATIONAL BERHAD,20210704
5087,MYCRON,Yes,Metals ,MYCRON STEEL BERHAD,20210704
0138,MYEG,Yes,Digital Services ,MY E.G. SERVICES BERHAD,20210704
0821EA,MYETFDJ,Yes,Equity Fund ,MYETF DOW JONES ISLAMIC MARKET MALAYSIA TITANS 25,20210704
0824EA,MYETFID,Yes,Equity Fund ,MYETF MSCI MALAYSIA ISLAMIC DIVIDEND,20210704
03010,MYKRIS,No,Telecommunications Service Providers ,MYKRIS INTERNATIONAL BERHAD,20210704
5275,MYNEWS,No,Retailers ,MYNEWS HOLDINGS BERHAD,20210704
0108,N2N,Yes,Software ,N2N CONNECT BERHAD,20210704
0206,NADIBHD,Yes,Construction ,GAGASAN NADI CERGAS BERHAD,20210704
5073,NAIM,Yes,Property ,NAIM HOLDINGS BERHAD,20210704
9806,NATWIDE,Yes,Transportation & Logistics Services ,NATIONWIDE EXPRESS HOLDINGS BERHAD,20210704
0235,NESTCON,Yes,Construction ,NESTCON BERHAD,20210704
4707,NESTLE,Yes,Food & Beverages ,NESTLE (MALAYSIA) BERHAD,20210704
0020,NETX,No,Software ,NETX HOLDINGS BERHAD,20210704
0096,NEXGRAM,Yes,Telecommunications Equipment ,NEXGRAM HOLDINGS BERHAD,20210704
7241,NGGB,Yes,Industrial Services ,NEXTGREEN GLOBAL BERHAD,20210704
7060,NHFATT,Yes,Automotive ,NEW HOONG FATT HOLDINGS BERHAD,20210704
7139,NICE,Yes,Personal Goods ,NICHE CAPITAL EMAS HOLDINGS BERHAD,20210704
7215,NIHSIN,Yes,Household Goods ,NI HSIN RESOURCES BERHAD,20210704
0083,NOTION,Yes,Technology Equipment ,NOTION VTEC BERHAD,20210704
0201,NOVA,No,Pharmaceuticals ,NOVA WELLNESS GROUP BERHAD,20210704
0026,NOVAMSC,Yes,Software ,NOVA MSC BERHAD,20210704
03045,NP,No,Digital Services ,NOVELPLUS TECHNOLOGY BERHAD,20210704
5047,NPC,Yes,Plantation ,NPC RESOURCES BERHAD,20210704
03006,NPS,Yes,Pharmaceuticals ,NOVA PHARMA SOLUTIONS BERHAD,20210704
2038,NSOP,No,Plantation ,NEGRI SEMBILAN OIL PALMS BERHAD,20210704
5066,NTPM,No,Household Goods ,NTPM HOLDINGS BERHAD,20210704
5025,NWP,Yes,Wood & Wood Products ,NWP HOLDINGS BERHAD,20210704
4944,NYLEX,Yes,Chemicals ,NYLEX (MALAYSIA) BERHAD,20210704
5533,OCB,Yes,Food & Beverages ,OCB BERHAD,20210704
0172,OCK,Yes,Telecommunications Service Providers ,OCK GROUP BERHAD,20210704
0049,OCNCASH,Yes,Personal Goods ,OCEANCASH PACIFIC BERHAD,20210704
7071,OCR,Yes,Construction ,OCR GROUP BERHAD,20210704
7107,OFI,Yes,Food & Beverages ,ORIENTAL FOOD INDUSTRIES HOLDINGS BERHAD,20210704
5827,OIB,Yes,Property ,ORIENTAL INTEREST BERHAD,20210704
7140,OKA,Yes,Building Materials ,OKA CORPORATION BHD,20210704
3018,OLYMPIA,No,"Travel, Leisure & Hospitality ",OLYMPIA INDUSTRIES BERHAD,20210704
9008,OMESTI,Yes,Digital Services ,OMESTI BHD,20210704
5298,OMH,No,Metals ,OM HOLDINGS LIMITED,20210704
0035,OPCOM,Yes,Telecommunications Equipment ,OPCOM HOLDINGS BERHAD,20210704
0040,OPENSYS,Yes,Software ,OPENSYS (M) BERHAD,20210704
0222,OPTIMAX,Yes,Health Care Providers ,OPTIMAX HOLDINGS BERHAD,20210704
4006,ORIENT,No,Automotive ,ORIENTAL HOLDINGS BERHAD,20210704
0079,ORION,Yes,Software ,ORION IXL BERHAD,20210704
5065,ORNA,Yes,Packaging Materials ,ORNAPAPER BERHAD,20210704
5053,OSK,No,Property ,OSK HOLDINGS BERHAD,20210704
0053,OSKVI,No,Other Financials ,OSK VENTURES INTERNATIONAL BERHAD,20210704
0153,OVERSEA,No,"Travel, Leisure & Hospitality ",OVERSEA ENTERPRISE BERHAD,20210704
0220,OVH,Yes,"Energy Infrastructure, Equipment & Services ",OCEAN VANTAGE HOLDINGS BERHAD,20210704
5260,OWG,Yes,"Travel, Leisure & Hospitality ",ONLY WORLD GROUP HOLDINGS BERHAD,20210704
6009,P&O,No,Insurance ,PACIFIC & ORIENT BERHAD,20210704
7225,PA,Yes,Metals ,P.A. RESOURCES BERHAD,20210704
7052,PADINI,Yes,Retailers ,PADINI HOLDINGS BERHAD,20210704
3719,PANAMY,No,Household Goods ,PANASONIC MANUFACTURING MALAYSIA BERHAD,20210704
8419,PANSAR,Yes,Building Materials ,PANSAR BERHAD,20210704
5125,PANTECH,Yes,Metals ,PANTECH GROUP HOLDINGS BERHAD,20210704
5022,PAOS,Yes,Household Goods ,PAOS HOLDINGS BERHAD,20210704
9407,PARAGON,Yes,Household Goods ,PARAGON UNION BERHAD,20210704
1724,PARAMON,Yes,Property ,PARAMOUNT CORPORATION BERHAD,20210704
5657,PARKSON,Yes,Retailers ,PARKSON HOLDINGS BERHAD,20210704
2682,PARKWD,No,Property ,PARKWOOD HOLDINGS BERHAD,20210704
0022,PARLO,Yes,"Travel, Leisure & Hospitality ",PARLO BERHAD,20210704
6912,PASDEC,Yes,Property ,PASDEC HOLDINGS BERHAD,20210704
0177,PASUKGB,Yes,Industrial Engineering ,PASUKHAS GROUP BERHAD,20210704
5212,PAVREIT,No,Real Estate Investment Trusts ,PAVILION REAL ESTATE INVESTMENT TRUST,20210704
5041,PBA,Yes,"Gas, Water & Multi-utilities ",PBA HOLDINGS BHD,20210704
1295,PBBANK,No,Banking ,PUBLIC BANK BERHAD,20210704
6068,PCCS,Yes,Personal Goods ,PCCS GROUP BERHAD,20210704
5183,PCHEM,Yes,Chemicals ,PETRONAS CHEMICALS GROUP BERHAD,20210704
6254,PDZ,Yes,Transportation & Logistics Services ,PDZ HOLDINGS BHD,20210704
5622,PEB,Yes,Construction ,PIMPINAN EHSAN BERHAD,20210704
5271,PECCA,Yes,Auto Parts ,PECCA GROUP BERHAD,20210704
0233,PEKAT,No,Industrial Services ,PEKAT GROUP BERHAD,20210704
5231,PELIKAN,Yes,Consumer Services ,PELIKAN INTERNATIONAL CORPORATION BERHAD,20210704
5133,PENERGY,Yes,"Energy Infrastructure, Equipment & Services ",PETRA ENERGY BERHAD,20210704
9997,PENSONI,No,Household Goods ,PENSONIC HOLDINGS BERHAD,20210704
7160,PENTA,Yes,Technology Equipment ,PENTAMASTER CORPORATION BERHAD,20210704
7108,PERDANA,Yes,"Energy Infrastructure, Equipment & Services ",PERDANA PETROLEUM BERHAD,20210704
7080,PERMAJU,Yes,Automotive ,PERMAJU INDUSTRIES BERHAD,20210704
5436,PERSTIM,Yes,Metals ,PERUSAHAAN SADUR TIMAH MALAYSIA (PERSTIMA) BHD,20210704
8532,PERTAMA,No,Personal Goods ,PERTAMA DIGITAL BERHAD,20210704
8311,PESONA,Yes,Construction ,PESONA METRO HOLDINGS BERHAD,20210704
5219,PESTECH,Yes,Industrial Engineering ,PESTECH INTERNATIONAL BERHAD,20210704
5681,PETDAG,Yes,Retailers ,PETRONAS DAGANGAN BHD,20210704
6033,PETGAS,Yes,"Gas, Water & Multi-utilities ",PETRONAS GAS BERHAD,20210704
3042,PETRONM,Yes,Oil & Gas Producers ,PETRON MALAYSIA REFINING & MARKETING BHD,20210704
3611,PGLOBE,Yes,Property ,PARAGON GLOBE BERHAD,20210704
7081,PHARMA,Yes,Pharmaceuticals ,PHARMANIAGA BERHAD,20210704
4464,PHB,Yes,Property ,PEGASUS HEIGHTS BERHAD,20210704
7201,PICORP,Yes,Industrial Services ,PROGRESSIVE IMPACT CORPORATION BERHAD,20210704
7095,PIE,Yes,"Industrial Materials, Components & Equipment ",P.I.E. INDUSTRIAL BERHAD,20210704
0006,PINEAPP,Yes,Digital Services ,PINEAPPLE RESOURCES BERHAD,20210704
1902,PINEPAC,No,Plantation ,PINEHILL PACIFIC BERHAD,20210704
7163,PJBUMI,Yes,Industrial Services ,PJBUMI BERHAD,20210704
0171,PLABS,No,Agricultural Products ,PETERLABS HOLDINGS BERHAD,20210704
7055,PLB,Yes,Property ,PLB ENGINEERING BERHAD,20210704
5075,PLENITU,Yes,Property ,PLENITUDE BERHAD,20210704
9695,PLS,Yes,Plantation ,PLS PLANTATIONS BERHAD,20210704
7172,PMBTECH,Yes,Metals ,PMB TECHNOLOGY BERHAD,20210704
4081,PMCORP,No,"Travel, Leisure & Hospitality ",PAN MALAYSIA CORPORATION BERHAD,20210704
8869,PMETAL,Yes,Metals ,PRESS METAL ALUMINIUM HOLDINGS BERHAD,20210704
1287,PMHLDG,Yes,"Travel, Leisure & Hospitality ",PAN MALAYSIA HOLDINGS BERHAD,20210704
6637,PNEPCB,Yes,"Industrial Materials, Components & Equipment ",PNE PCB BERHAD,20210704
5080,POHKONG,Yes,Retailers ,POH KONG HOLDINGS BERHAD,20210704
7088,POHUAT,No,Household Goods ,POH HUAT RESOURCES HOLDINGS BERHAD,20210704
8117,POLY,Yes,Building Materials ,POLY GLASS FIBRE (M) BERHAD,20210704
03031,POLYDM,No,"Industrial Materials, Components & Equipment ",POLYDAMIC GROUP BERHAD,20210704
4634,POS,Yes,Transportation & Logistics Services ,POS MALAYSIA BERHAD,20210704
4065,PPB,Yes,Food & Beverages ,PPB GROUP BERHAD,20210704
7190,PPG,Yes,Media ,PELANGI PUBLISHING GROUP BHD.,20210704
8273,PPHB,Yes,Packaging Materials ,PUBLIC PACKAGES HOLDINGS BHD,20210704
9873,PRESTAR,Yes,Metals ,PRESTAR RESOURCES BERHAD,20210704
7168,PRG,Yes,Personal Goods ,PRG HOLDINGS BERHAD,20210704
0123,PRIVA,Yes,Telecommunications Equipment ,PRIVASIA TECHNOLOGY BERHAD,20210704
8346,PRKCORP,No,Transportation & Logistics Services ,PERAK CORPORATION BERHAD,20210704
8966,PRLEXUS,Yes,Personal Goods ,PROLEXUS BERHAD,20210704
5070,PRTASCO,Yes,Construction ,PROTASCO BERHAD,20210704
9598,PTARAS,Yes,Construction ,PINTARAS JAYA BHD,20210704
0186,PTRANS,Yes,"Travel, Leisure & Hospitality ",PERAK TRANSIT BERHAD,20210704
0007,PUC,Yes,Media ,PUC BERHAD,20210704
6807,PUNCAK,Yes,Construction ,PUNCAK NIAGA HOLDINGS BERHAD,20210704
7134,PWF,Yes,Agricultural Products ,PWF CONSOLIDATED BERHAD,20210704
7123,PWORTH,Yes,Wood & Wood Products ,PRICEWORTH INTERNATIONAL BERHAD,20210704
7237,PWROOT,Yes,Food & Beverages ,POWER ROOT BERHAD,20210704
0217,PWRWELL,Yes,"Industrial Materials, Components & Equipment ",POWERWELL HOLDINGS BERHAD,20210704
0196,QES,Yes,"Industrial Materials, Components & Equipment ",QES GROUP BERHAD,20210704
7084,QL,Yes,Agricultural Products ,QL RESOURCES BERHAD,20210704
7544,QUALITY,Yes,Building Materials ,QUALITY CONCRETE HOLDINGS BERHAD,20210704
7498,RALCO,Yes,Chemicals ,RALCO CORPORATION BERHAD,20210704
5272,RANHILL,Yes,"Gas, Water & Multi-utilities ",RANHILL UTILITIES BERHAD,20210704
7765,RAPID,No,Property ,RAPID SYNERGY BERHAD,20210704
9296,RCECAP,No,Other Financials ,RCE CAPITAL BERHAD,20210704
5256,REACH,Yes,Oil & Gas Producers ,REACH ENERGY BERHAD,20210704
03002,REDIDEA,No,Digital Services ,RED IDEAS HOLDINGS BERHAD,20210704
0032,REDTONE,No,Telecommunications Service Providers ,REDTONE INTERNATIONAL BERHAD,20210704
7232,RESINTC,Yes,Building Materials ,RESINTECH BERHAD,20210704
0173,REV,No,Media ,REV ASIA BERHAD,20210704
0200,REVENUE,Yes,Digital Services ,REVENUE GROUP BERHAD,20210704
9946,REX,Yes,Food & Beverages ,REX INDUSTRY BERHAD,20210704
0106,REXIT,Yes,Software ,REXIT BERHAD,20210704
0037,RGB,No,"Travel, Leisure & Hospitality ",RGB INTERNATIONAL BHD,20210704
9954,RGTBHD,Yes,Chemicals ,RGT BERHAD,20210704
0202,RGTECH,Yes,Digital Services ,RADIANT GLOBALTECH BERHAD,20210704
1066,RHBBANK,No,Banking ,RHB BANK BERHAD,20210704
5278,RHONEMA,No,Agricultural Products ,RHONE MA HOLDINGS BERHAD,20210704
0219,RL,Yes,"Energy Infrastructure, Equipment & Services ",RESERVOIR LINK ENERGY BHD,20210704
9741,ROHAS,Yes,Industrial Engineering ,ROHAS TECNIC BERHAD,20210704
03036,RPLANET,No,Digital Services ,REDPLANET BERHAD,20210704
5113,RSAWIT,Yes,Plantation ,RIMBUNAN SAWIT BERHAD,20210704
5270,RSENA,No,Special Purpose Acquisition Company ,RED SENA BERHAD,20210704
03039,RTSTECH,No,Software ,RTS TECHNOLOGY HOLDINGS BERHAD,20210704
7803,RUBEREX,Yes,"Industrial Materials, Components & Equipment ",RUBBEREX CORPORATION (M) BERHAD,20210704
2542,RVIEW,Yes,Plantation ,RIVERVIEW RUBBER ESTATES BERHAD,20210704
8745,S&FCAP,Yes,Wood & Wood Products ,S & F CAPITAL BERHAD,20210704
5134,SAB,Yes,Chemicals ,SOUTHERN ACIDS (M) BERHAD,20210704
8567,SALCON,Yes,"Gas, Water & Multi-utilities ",SALCON BERHAD,20210704
0183,SALUTE,Yes,Personal Goods ,SALUTICA BERHAD,20210704
9822,SAM,Yes,"Industrial Materials, Components & Equipment ",SAM ENGINEERING & EQUIPMENT (M) BERHAD,20210704
0223,SAMAIDEN,Yes,Industrial Services ,SAMAIDEN GROUP BERHAD,20210704
5147,SAMCHEM,No,Chemicals ,SAMCHEM HOLDINGS BERHAD,20210704
0133,SANICHI,Yes,"Industrial Materials, Components & Equipment ",SANICHI TECHNOLOGY BERHAD,20210704
7811,SAPIND,Yes,Auto Parts ,SAPURA INDUSTRIAL BERHAD,20210704
5218,SAPNRG,Yes,"Energy Infrastructure, Equipment & Services ",SAPURA ENERGY BERHAD,20210704
4596,SAPRES,Yes,Property ,SAPURA RESOURCES BERHAD,20210704
5252,SASBADI,Yes,Media ,SASBADI HOLDINGS BERHAD,20210704
5157,SAUDEE,Yes,Food & Beverages ,SAUDEE GROUP BERHAD,20210704
2569,SBAGAN,No,Plantation ,SUNGEI BAGAN RUBBER COMPANY (MALAYA) BERHAD,20210704
5207,SBCCORP,Yes,Property ,SBC CORPORATION BERHAD,20210704
5170,SCABLE,Yes,"Industrial Materials, Components & Equipment ",SARAWAK CABLE BERHAD,20210704
0109,SCBUILD,Yes,Construction ,SC ESTATE BUILDER BERHAD,20210704
0158,SCC,No,Consumer Services ,SCC HOLDINGS BERHAD,20210704
0225,SCGBHD,No,"Industrial Materials, Components & Equipment ",SOUTHERN CABLE GROUP BERHAD,20210704
7247,SCGM,Yes,Packaging Materials ,SCGM BHD,20210704
9237,SCIB,Yes,Building Materials ,SARAWAK CONSOLIDATED INDUSTRIES BERHAD,20210704
0099,SCICOM,No,Industrial Services ,SCICOM (MSC) BERHAD,20210704
4731,SCIENTX,Yes,Packaging Materials ,SCIENTEX BERHAD,20210704
7239,SCNWOLF,Yes,Building Materials ,SCANWOLF CORPORATION BERHAD,20210704
7158,SCOMI,No,"Energy Infrastructure, Equipment & Services ",SCOMI GROUP BERHAD,20210704
7045,SCOMIES,Yes,"Energy Infrastructure, Equipment & Services ",SCOMI ENERGY SERVICES BHD,20210704
0001,SCOMNET,Yes,Health Care Equipment & Services ,SUPERCOMNET TECHNOLOGIES BERHAD,20210704
0028,SCOPE,Yes,"Industrial Materials, Components & Equipment ",SCOPE INDUSTRIES BERHAD,20210704
2224,SDRED,Yes,Property ,SELANGOR DREDGING BERHAD,20210704
0212,SDS,Yes,Food & Beverages ,SDS GROUP BERHAD,20210704
7073,SEACERA,Yes,Building Materials ,SEACERA GROUP BERHAD,20210704
4286,SEAL,Yes,Property ,SEAL INCORPORATED BERHAD,20210704
5145,SEALINK,Yes,Transportation Equipment ,SEALINK INTERNATIONAL BERHAD,20210704
5163,SEB,No,Industrial Engineering ,SEREMBAN ENGINEERING BERHAD,20210704
0178,SEDANIA,Yes,Telecommunications Equipment ,SEDANIA INNOVATOR BERHAD,20210704
7053,SEEHUP,Yes,Transportation & Logistics Services ,SEE HUP CONSOLIDATED BERHAD,20210704
03009,SEERS,Yes,Household Goods ,SEERS BERHAD,20210704
9792,SEG,Yes,Consumer Services ,SEG INTERNATIONAL BHD,20210704
5250,SEM,No,Retailers ,7-ELEVEN MALAYSIA HOLDINGS BERHAD,20210704
5205,SENDAI,Yes,Construction ,EVERSENDAI CORPORATION BERHAD,20210704
5123,SENTRAL,No,Real Estate Investment Trusts ,SENTRAL REIT,20210704
5279,SERBADK,Yes,"Energy Infrastructure, Equipment & Services ",SERBA DINAMIK HOLDINGS BERHAD,20210704
7180,SERNKOU,Yes,Household Goods ,SERN KOU RESOURCES BERHAD,20210704
0055,SERSOL,Yes,Chemicals ,SERSOL BERHAD,20210704
03033,SGBHD,Yes,Industrial Services ,SUPERGENICS BERHAD,20210704
5517,SHANG,No,"Travel, Leisure & Hospitality ",SHANGRI-LA HOTELS (MALAYSIA) BERHAD,20210704
4316,SHCHAN,Yes,Plantation ,SIN HENG CHAN (MALAYA) BERHAD,20210704
7412,SHH,Yes,Household Goods ,SHH RESOURCES HOLDINGS BERHAD,20210704
6017,SHL,No,Property ,SHL CONSOLIDATED BHD,20210704
7246,SIGN,Yes,Household Goods ,SIGNATURE INTERNATIONAL BERHAD,20210704
4197,SIME,Yes,Automotive ,SIME DARBY BERHAD,20210704
5285,SIMEPLT,Yes,Plantation ,SIME DARBY PLANTATION BERHAD,20210704
5288,SIMEPROP,Yes,Property ,SIME DARBY PROPERTY BERHAD,20210704
5172,SINARAN,No,Personal Goods ,SINARAN ADVANCE GROUP BERHAD,20210704
9431,SJC,Yes,Media ,SENI JAYA CORPORATION BERHAD,20210704
7115,SKBSHUT,Yes,Building Materials ,SKB SHUTTERS CORPORATION BERHAD,20210704
7155,SKPRES,Yes,"Industrial Materials, Components & Equipment ",SKP RESOURCES BHD,20210704
03008,SLIC,Yes,Digital Services ,SL INNOVATION CAPITAL BERHAD,20210704
7248,SLP,Yes,Packaging Materials ,SLP RESOURCES BERHAD,20210704
0215,SLVEST,Yes,Industrial Services ,SOLARVEST HOLDINGS BERHAD,20210704
9776,SMCAP,Yes,Agricultural Products ,SINMAH CAPITAL BERHAD,20210704
0203,SMETRIC,Yes,Software ,SECUREMETRIC BERHAD,20210704
4375,SMI,Yes,Property ,SOUTH MALAYSIA INDUSTRIES BERHAD,20210704
03023,SMILE,Yes,Health Care Providers ,SMILE-LINK HEALTHCARE GLOBAL BERHAD,20210704
7132,SMISCOR,Yes,Auto Parts ,SMIS CORPORATION BERHAD,20210704
0117,SMRT,Yes,Digital Services ,SMRT HOLDINGS BERHAD,20210704
0169,SMTRACK,Yes,Technology Equipment ,SMTRACK BERHAD,20210704
7943,SNC,Yes,Household Goods ,SAND NISKO CAPITAL BERHAD,20210704
5213,SNTORIA,No,Property ,SENTORIA GROUP BERHAD,20210704
5242,SOLID,Yes,Automotive ,SOLID AUTOMOTIVE BERHAD,20210704
0093,SOLUTN,Yes,Digital Services ,SOLUTION GROUP BERHAD,20210704
5126,SOP,Yes,Plantation ,SARAWAK OIL PALMS BERHAD,20210704
0216,SPRING,Yes,Household Goods ,SPRING ART HOLDINGS BERHAD,20210704
7103,SPRITZER,Yes,Food & Beverages ,SPRITZER BHD,20210704
8664,SPSETIA,Yes,Property ,S P SETIA BERHAD,20210704
0129,SRIDGE,Yes,Telecommunications Equipment ,SILVER RIDGE HOLDINGS BHD,20210704
5665,SSTEEL,No,Metals ,SOUTHERN STEEL BERHAD,20210704
6084,STAR,Yes,Media ,STAR MEDIA GROUP BERHAD,20210704
5006,STELLA,Yes,Construction ,STELLA HOLDINGS BERHAD,20210704
0080,STRAITS,Yes,Transportation & Logistics Services ,STRAITS INTER LOGISTICS BERHAD,20210704
6904,SUBUR,No,Wood & Wood Products ,SUBUR TIASA HOLDINGS BERHAD,20210704
7207,SUCCESS,Yes,"Industrial Materials, Components & Equipment ",SUCCESS TRANSFORMER CORPORATION BERHAD,20210704
1201,SUMATEC,Yes,Oil & Gas Producers ,SUMATEC RESOURCES BERHAD,20210704
5263,SUNCON,Yes,Construction ,SUNWAY CONSTRUCTION GROUP BERHAD,20210704
5176,SUNREIT,No,Real Estate Investment Trusts ,SUNWAY REAL ESTATE INVESTMENT TRUST,20210704
3743,SUNSURIA,Yes,Property ,SUNSURIA BERHAD,20210704
5211,SUNWAY,Yes,Diversified Industrials ,SUNWAY BERHAD,20210704
0148,SUNZEN,Yes,Agricultural Products ,SUNZEN BIOTECH BERHAD,20210704
7235,SUPERLN,Yes,Building Materials ,SUPERLON HOLDINGS BERHAD,20210704
7106,SUPERMX,Yes,Health Care Equipment & Services ,SUPERMAX CORPORATION BERHAD,20210704
03018,SUPREME,Yes,Consumer Services ,SUPREME CONSOLIDATED RESOURCES BERHAD,20210704
6521,SURIA,Yes,Transportation & Logistics Services ,SURIA CAPITAL HOLDINGS BERHAD,20210704
5135,SWKPLNT,Yes,Plantation ,SARAWAK PLANTATION BERHAD,20210704
7186,SWSCAP,Yes,Household Goods ,SWS CAPITAL BERHAD,20210704
9717,SYCAL,No,Construction ,SYCAL VENTURES BERHAD,20210704
7082,SYF,Yes,Household Goods ,SYF RESOURCES BERHAD,20210704
1538,SYMLIFE,Yes,Property ,SYMPHONY LIFE BERHAD,20210704
5173,SYSCORP,Yes,Transportation & Logistics Services ,SHIN YANG SHIPPING CORPORATION BERHAD,20210704
0050,SYSTECH,Yes,Software ,SYSTECH BHD,20210704
7228,T7GLOBAL,Yes,"Energy Infrastructure, Equipment & Services ",T7 GLOBAL BERHAD,20210704
5012,TAANN,Yes,Plantation ,TA ANN HOLDINGS BERHAD,20210704
7211,TAFI,Yes,Household Goods ,TAFI INDUSTRIES BERHAD,20210704
6139,TAKAFUL,Yes,Insurance ,SYARIKAT TAKAFUL MALAYSIA KELUARGA BERHAD,20210704
2259,TALAMT,Yes,Property ,TALAM TRANSFORM BERHAD,20210704
8524,TALIWRK,Yes,"Gas, Water & Multi-utilities ",TALIWORKS CORPORATION BERHAD,20210704
5191,TAMBUN,Yes,Property ,TAMBUN INDAH LAND BERHAD,20210704
2429,TANCO,Yes,Property ,TANCO HOLDINGS BERHAD,20210704
5149,TAS,No,Transportation Equipment ,TAS OFFSHORE BERHAD,20210704
5140,TASCO,No,Transportation & Logistics Services ,TASCO BERHAD,20210704
0211,TASHIN,Yes,Metals ,TASHIN HOLDINGS BERHAD,20210704
7097,TAWIN,Yes,Metals ,TA WIN HOLDINGS BERHAD,20210704
4405,TCHONG,No,Automotive ,TAN CHONG MOTOR HOLDINGS BERHAD,20210704
0221,TCS,Yes,Construction ,TCS GROUP HOLDINGS BERHAD,20210704
0132,TDEX,Yes,Software ,TECHNODEX BHD,20210704
2054,TDM,Yes,Plantation ,TDM BERHAD,20210704
0084,TECFAST,Yes,"Industrial Materials, Components & Equipment ",TECHFAST HOLDINGS BERHAD,20210704
7439,TECGUAN,No,Agricultural Products ,TECK GUAN PERDANA BERHAD,20210704
5289,TECHBND,No,Chemicals ,TECHBOND GROUP BERHAD,20210704
2739,TECHNAX,Yes,Other Energy Resources ,TECHNA-X BERHAD,20210704
7200,TEKSENG,Yes,Household Goods ,TEK SENG HOLDINGS BERHAD,20210704
0230,TELADAN,Yes,Property ,TELADAN SETIA GROUP BERHAD,20210704
5347,TENAGA,Yes,Electricity ,TENAGA NASIONAL BHD,20210704
7252,TEOSENG,Yes,Agricultural Products ,TEO SENG CAPITAL BERHAD,20210704
8702,TEXCHEM,No,Diversified Industrials ,TEXCHEM RESOURCES BERHAD,20210704
0089,TEXCYCL,Yes,Industrial Services ,TEX CYCLE TECHNOLOGY (M) BERHAD,20210704
0145,TFP,Yes,Digital Services ,TFP SOLUTIONS BERHAD,20210704
9369,TGL,Yes,Personal Goods ,TEO GUAN LEE CORPORATION BERHAD,20210704
7034,TGUAN,Yes,Packaging Materials ,THONG GUAN INDUSTRIES BERHAD,20210704
9075,THETA,Yes,Digital Services ,THETA EDGE BERHAD,20210704
7206,THHEAVY,Yes,"Energy Infrastructure, Equipment & Services ",TH HEAVY ENGINEERING BERHAD,20210704
5112,THPLANT,Yes,Plantation ,TH PLANTATIONS BERHAD,20210704
7889,THRIVEN,Yes,Property ,THRIVEN GLOBAL BERHAD,20210704
7374,TIENWAH,No,Industrial Services ,TIEN WAH PRESS HOLDINGS BERHAD,20210704
7079,TIGER,Yes,Property ,TIGER SYNERGY BERHAD,20210704
5031,TIMECOM,Yes,Telecommunications Service Providers ,TIME DOTCOM BERHAD,20210704
7854,TIMWELL,Yes,Wood & Wood Products ,TIMBERWELL BERHAD,20210704
5239,TITIJYA,Yes,Property ,TITIJAYA LAND BERHAD,20210704
5297,TJSETIA,Yes,Construction ,TUJU SETIA BERHAD,20210704
4863,TM,Yes,Telecommunications Service Providers ,TELEKOM MALAYSIA BERHAD,20210704
0101,TMCLIFE,Yes,Health Care Providers ,TMC LIFE SCIENCES BERHAD,20210704
8397,TNLOGIS,No,Transportation & Logistics Services ,TIONG NAM LOGISTICS HOLDINGS BERHAD,20210704
7218,TOCEAN,Yes,Transportation & Logistics Services ,TRANSOCEAN HOLDINGS BHD,20210704
7230,TOMEI,No,Retailers ,TOMEI CONSOLIDATED BERHAD,20210704
7285,TOMYPAK,Yes,Packaging Materials ,TOMYPAK HOLDINGS BERHAD,20210704
5010,TONGHER,Yes,Metals ,TONG HERR RESOURCES BERHAD,20210704
5268,TOPBLDS,Yes,Construction ,TOP BUILDERS CAPITAL BERHAD,20210704
7113,TOPGLOV,Yes,Health Care Equipment & Services ,TOP GLOVE CORPORATION BHD,20210704
03013,TOPVISN,Yes,Health Care Providers ,TOPVISION EYE SPECIALIST BERHAD,20210704
7173,TOYOVEN,Yes,Chemicals ,TOYO VENTURES HOLDINGS BERHAD,20210704
7176,TPC,Yes,Agricultural Products ,TPC PLUS BERHAD,20210704
5054,TRC,Yes,Construction ,TRC SYNERGY BERHAD,20210704
0199,TRIMODE,Yes,Transportation & Logistics Services ,TRI-MODE SYSTEM (M) BERHAD,20210704
0118,TRIVE,No,Technology Equipment ,TRIVE PROPERTY GROUP BERHAD,20210704
5401,TROP,Yes,Property ,TROPICANA CORPORATION BERHAD,20210704
9059,TSH,Yes,Plantation ,TSH RESOURCES BERHAD,20210704
5042,TSRCAP,Yes,Construction ,TSR CAPITAL BERHAD,20210704
03020,TTV,Yes,Semiconductors ,TT VISION HOLDINGS BERHAD,20210704
5230,TUNEPRO,No,Insurance ,TUNE PROTECT GROUP BERHAD,20210704
5167,TURBO,No,"Industrial Materials, Components & Equipment ",TURBO-MECH BERHAD,20210704
4359,TURIYA,No,Semiconductors ,TURIYA BERHAD,20210704
5111,TWRREIT,No,Real Estate Investment Trusts ,TOWER REAL ESTATE INVESTMENT TRUST,20210704
7100,UCHITEC,Yes,"Industrial Materials, Components & Equipment ",UCHI TECHNOLOGIES BERHAD,20210704
0005,UCREST,Yes,Technology Equipment ,UCREST BERHAD,20210704
5148,UEMS,Yes,Property ,UEM SUNRISE BERHAD,20210704
7133,ULICORP,Yes,"Industrial Materials, Components & Equipment ",UNITED U-LI CORPORATION BERHAD,20210704
2593,UMCCA,Yes,Plantation ,UNITED MALACCA BERHAD,20210704
7137,UMS,Yes,"Industrial Materials, Components & Equipment ",UMS HOLDINGS BERHAD,20210704
7227,UMSNGB,Yes,"Industrial Materials, Components & Equipment ",UMS-NEIKEN GROUP BERHAD,20210704
4588,UMW,Yes,Automotive ,UMW HOLDINGS BERHAD,20210704
7091,UNIMECH,Yes,"Industrial Materials, Components & Equipment ",UNIMECH GROUP BERHAD,20210704
5005,UNISEM,Yes,Semiconductors ,UNISEM (M) BERHAD,20210704
03017,UNIWALL,Yes,Construction ,UNI WALL APS HOLDINGS BERHAD,20210704
5200,UOADEV,Yes,Property ,UOA DEVELOPMENT BHD,20210704
5110,UOAREIT,No,Real Estate Investment Trusts ,UOA REAL ESTATE INVESTMENT TRUST,20210704
7757,UPA,Yes,Consumer Services ,UPA CORPORATION BHD,20210704
03043,UTAMA,Yes,Building Materials ,UCI RESOURCES BERHAD,20210704
2089,UTDPLT,Yes,Plantation ,UNITED PLANTATIONS BERHAD,20210704
5292,UWC,Yes,Semiconductors ,UWC BERHAD,20210704
7250,UZMA,Yes,"Energy Infrastructure, Equipment & Services ",UZMA BERHAD,20210704
0060,VC,Yes,Technology Equipment ,VORTEX CONSOLIDATED BERHAD,20210704
5243,VELESTO,Yes,"Energy Infrastructure, Equipment & Services ",VELESTO ENERGY BERHAD,20210704
4995,VERSATL,Yes,Packaging Materials ,VERSATILE CREATIVE BERHAD,20210704
7240,VERTICE,Yes,Construction ,VERTICE BERHAD,20210704
0120,VIS,Yes,Semiconductors ,VISDYNAMICS HOLDINGS BERHAD,20210704
0097,VITROX,Yes,Semiconductors ,VITROX CORPORATION BERHAD,20210704
0069,VIVOCOM,Yes,Software ,VIVOCOM INTL HOLDINGS BERHAD,20210704
7070,VIZIONE,Yes,Construction ,VIZIONE HOLDINGS BERHAD,20210704
0232,VOLCANO,Yes,Industrial Services ,VOLCANO BERHAD,20210704
6963,VS,Yes,"Industrial Materials, Components & Equipment ",V.S. INDUSTRY BERHAD,20210704
0066,VSOLAR,Yes,Software ,VSOLAR GROUP BERHAD,20210704
5162,VSTECS,Yes,Technology Equipment ,VSTECS BERHAD,20210704
7203,WANGZNG,No,Household Goods ,WANG-ZHENG BERHAD,20210704
5016,WARISAN,Yes,"Travel, Leisure & Hospitality ",WARISAN TC HOLDINGS BERHAD,20210704
5142,WASEONG,Yes,"Energy Infrastructure, Equipment & Services ",WAH SEONG CORPORATION BERHAD,20210704
7226,WATTA,Yes,Auto Parts ,WATTA HOLDING BERHAD,20210704
3565,WCEHB,No,Construction ,WCE HOLDINGS BERHAD,20210704
9679,WCT,Yes,Construction ,WCT HOLDINGS BERHAD,20210704
0197,WEGMANS,Yes,Household Goods ,WEGMANS HOLDINGS BERHAD,20210704
7231,WELLCAL,Yes,"Industrial Materials, Components & Equipment ",WELLCALL HOLDINGS BERHAD,20210704
0162,WIDAD,Yes,Construction ,WIDAD GROUP BERHAD,20210704
7692,WIDETEC,No,Metals ,WIDETECH (MALAYSIA) BERHAD,20210704
0008,WILLOW,No,Software ,WILLOWGLEN MSC BERHAD,20210704
6378,WMG,No,Property ,WMG HOLDINGS BERHAD,20210704
7050,WONG,Yes,"Industrial Materials, Components & Equipment ",WONG ENGINEERING CORPORATION BERHAD,20210704
7025,WOODLAN,Yes,Wood & Wood Products ,WOODLANDOR HOLDINGS BHD,20210704
5246,WPRTS,Yes,Transportation & Logistics Services ,WESTPORTS HOLDINGS BERHAD,20210704
5009,WTHORSE,Yes,Building Materials ,WHITE HORSE BERHAD,20210704
4243,WTK,Yes,Wood & Wood Products ,WTK HOLDINGS BERHAD,20210704
7245,WZSATU,Yes,Metals ,WZ SATU BERHAD,20210704
5156,XDL,No,Personal Goods ,XIDELANG HOLDINGS LTD,20210704
5267,XINHWA,Yes,Transportation & Logistics Services ,XIN HWA HOLDINGS BERHAD,20210704
7121,XL,Yes,Consumer Services ,XL HOLDINGS BERHAD,20210704
0165,XOX,No,Telecommunications Service Providers ,XOX BHD,20210704
7003,Y&G,Yes,Property ,Y&G CORPORATION BHD,20210704
5048,YB,No,Building Materials ,YB VENTURES BERHAD,20210704
0025,YBS,Yes,"Industrial Materials, Components & Equipment ",YBS INTERNATIONAL BERHAD,20210704
0086,YGL,Yes,Software ,YGL CONVERGENCE BERHAD,20210704
7293,YINSON,Yes,"Energy Infrastructure, Equipment & Services ",YINSON HOLDINGS BERHAD,20210704
7020,YKGI,Yes,Metals ,YKGI HOLDINGS BERHAD,20210704
7014,YLI,Yes,Metals ,YLI HOLDINGS BERHAD,20210704
3158,YNHPROP,Yes,Property ,YNH PROPERTY BERHAD,20210704
5159,YOCB,Yes,Household Goods ,YOONG ONN CORPORATION BERHAD,20210704
7066,YONGTAI,Yes,Property ,YONG TAI BERHAD,20210704
7178,YSPSAH,Yes,Pharmaceuticals ,Y.S.P.SOUTHEAST ASIA HOLDING BERHAD,20210704
4677,YTL,No,"Gas, Water & Multi-utilities ",YTL CORPORATION BERHAD,20210704
6742,YTLPOWR,No,"Gas, Water & Multi-utilities ",YTL POWER INTERNATIONAL BHD,20210704
5109,YTLREIT,No,Real Estate Investment Trusts ,YTL HOSPITALITY REIT,20210704
7028,ZECON,Yes,Construction ,ZECON BERHAD,20210704
2283,ZELAN,Yes,Construction ,ZELAN BERHAD,20210704
5131,ZHULIAN,Yes,Consumer Services ,ZHULIAN CORPORATION BERHAD,20210704
